{"images":[{"id":464,"dataset_id":13,"category_ids":[5],"path":"/datasets/droid/robo (1).jpg","width":540,"height":360,"file_name":"robo (1).jpg","annotated":true,"annotating":[],"num_annotations":1,"metadata":{},"milliseconds":0,"events":[],"regenerate_thumbnail":false,"is_modified":false},{"id":465,"dataset_id":13,"category_ids":[5],"path":"/datasets/droid/robo (10).jpg","width":615,"height":410,"file_name":"robo (10).jpg","annotated":true,"annotating":[],"num_annotations":1,"metadata":{},"milliseconds":0,"events":[],"regenerate_thumbnail":false,"is_modified":false},{"id":466,"dataset_id":13,"category_ids":[5],"path":"/datasets/droid/robo (11).jpg","width":1280,"height":939,"file_name":"robo (11).jpg","annotated":true,"annotating":[],"num_annotations":2,"metadata":{},"milliseconds":0,"events":[],"regenerate_thumbnail":false,"is_modified":false},{"id":467,"dataset_id":13,"category_ids":[5],"path":"/datasets/droid/robo (12).jpg","width":800,"height":800,"file_name":"robo (12).jpg","annotated":true,"annotating":[],"num_annotations":1,"metadata":{},"milliseconds":0,"events":[],"regenerate_thumbnail":false,"is_modified":false},{"id":468,"dataset_id":13,"category_ids":[5],"path":"/datasets/droid/robo (13).jpg","width":400,"height":320,"file_name":"robo (13).jpg","annotated":true,"annotating":[],"num_annotations":1,"metadata":{},"milliseconds":0,"events":[],"regenerate_thumbnail":false,"is_modified":false},{"id":469,"dataset_id":13,"category_ids":[5],"path":"/datasets/droid/robo (14).jpg","width":800,"height":600,"file_name":"robo (14).jpg","annotated":true,"annotating":[],"num_annotations":1,"metadata":{},"milliseconds":0,"events":[],"regenerate_thumbnail":false,"is_modified":false},{"id":470,"dataset_id":13,"category_ids":[5],"path":"/datasets/droid/robo (15).jpg","width":640,"height":640,"file_name":"robo (15).jpg","annotated":true,"annotating":[],"num_annotations":2,"metadata":{},"milliseconds":0,"events":[],"regenerate_thumbnail":false,"is_modified":false},{"id":471,"dataset_id":13,"category_ids":[5],"path":"/datasets/droid/robo (16).jpg","width":640,"height":426,"file_name":"robo (16).jpg","annotated":true,"annotating":[],"num_annotations":1,"metadata":{},"milliseconds":0,"events":[],"regenerate_thumbnail":false,"is_modified":false},{"id":472,"dataset_id":13,"category_ids":[5],"path":"/datasets/droid/robo (17).jpg","width":1280,"height":720,"file_name":"robo (17).jpg","annotated":true,"annotating":[],"num_annotations":2,"metadata":{},"milliseconds":0,"events":[],"regenerate_thumbnail":false,"is_modified":false},{"id":473,"dataset_id":13,"category_ids":[5],"path":"/datasets/droid/robo (18).jpg","width":640,"height":640,"file_name":"robo (18).jpg","annotated":true,"annotating":[],"num_annotations":1,"metadata":{},"milliseconds":0,"events":[],"regenerate_thumbnail":false,"is_modified":false},{"id":474,"dataset_id":13,"category_ids":[5],"path":"/datasets/droid/robo (19).jpg","width":735,"height":490,"file_name":"robo (19).jpg","annotated":true,"annotating":[],"num_annotations":1,"metadata":{},"milliseconds":0,"events":[],"regenerate_thumbnail":false,"is_modified":false},{"id":475,"dataset_id":13,"category_ids":[5],"path":"/datasets/droid/robo (2).jpg","width":551,"height":360,"file_name":"robo (2).jpg","annotated":true,"annotating":[],"num_annotations":2,"metadata":{},"milliseconds":0,"events":[],"regenerate_thumbnail":false,"is_modified":false},{"id":476,"dataset_id":13,"category_ids":[5],"path":"/datasets/droid/robo (20).jpg","width":680,"height":510,"file_name":"robo (20).jpg","annotated":true,"annotating":[],"num_annotations":1,"metadata":{},"milliseconds":0,"events":[],"regenerate_thumbnail":false,"is_modified":false},{"id":477,"dataset_id":13,"category_ids":[5],"path":"/datasets/droid/robo (21).jpg","width":1500,"height":1125,"file_name":"robo (21).jpg","annotated":true,"annotating":[],"num_annotations":1,"metadata":{},"milliseconds":0,"events":[],"regenerate_thumbnail":false,"is_modified":false},{"id":478,"dataset_id":13,"category_ids":[5],"path":"/datasets/droid/robo (22).jpg","width":994,"height":400,"file_name":"robo (22).jpg","annotated":true,"annotating":[],"num_annotations":1,"metadata":{},"milliseconds":0,"events":[],"regenerate_thumbnail":false,"is_modified":false},{"id":479,"dataset_id":13,"category_ids":[5],"path":"/datasets/droid/robo (23).jpg","width":498,"height":310,"file_name":"robo (23).jpg","annotated":true,"annotating":[],"num_annotations":2,"metadata":{},"milliseconds":0,"events":[],"regenerate_thumbnail":false,"is_modified":false},{"id":480,"dataset_id":13,"category_ids":[5],"path":"/datasets/droid/robo (24).jpg","width":1000,"height":563,"file_name":"robo (24).jpg","annotated":true,"annotating":[],"num_annotations":2,"metadata":{},"milliseconds":0,"events":[],"regenerate_thumbnail":false,"is_modified":false},{"id":481,"dataset_id":13,"category_ids":[5],"path":"/datasets/droid/robo (25).jpg","width":612,"height":408,"file_name":"robo (25).jpg","annotated":true,"annotating":[],"num_annotations":2,"metadata":{},"milliseconds":0,"events":[],"regenerate_thumbnail":false,"is_modified":false},{"id":482,"dataset_id":13,"category_ids":[5],"path":"/datasets/droid/robo (26).jpg","width":612,"height":420,"file_name":"robo (26).jpg","annotated":true,"annotating":[],"num_annotations":3,"metadata":{},"milliseconds":0,"events":[],"regenerate_thumbnail":false,"is_modified":false},{"id":483,"dataset_id":13,"category_ids":[5],"path":"/datasets/droid/robo (27).jpg","width":612,"height":472,"file_name":"robo (27).jpg","annotated":true,"annotating":[],"num_annotations":2,"metadata":{},"milliseconds":0,"events":[],"regenerate_thumbnail":false,"is_modified":false},{"id":484,"dataset_id":13,"category_ids":[5],"path":"/datasets/droid/robo (28).jpg","width":800,"height":800,"file_name":"robo (28).jpg","annotated":true,"annotating":[],"num_annotations":2,"metadata":{},"milliseconds":0,"events":[],"regenerate_thumbnail":false,"is_modified":false},{"id":485,"dataset_id":13,"category_ids":[5],"path":"/datasets/droid/robo (29).jpg","width":1200,"height":1200,"file_name":"robo (29).jpg","annotated":true,"annotating":[],"num_annotations":1,"metadata":{},"milliseconds":0,"events":[],"regenerate_thumbnail":false,"is_modified":false},{"id":486,"dataset_id":13,"category_ids":[5],"path":"/datasets/droid/robo (3).jpg","width":1200,"height":802,"file_name":"robo (3).jpg","annotated":true,"annotating":[],"num_annotations":1,"metadata":{},"milliseconds":0,"events":[],"regenerate_thumbnail":false,"is_modified":false},{"id":487,"dataset_id":13,"category_ids":[5],"path":"/datasets/droid/robo (30).jpg","width":300,"height":168,"file_name":"robo (30).jpg","annotated":true,"annotating":[],"num_annotations":1,"metadata":{},"milliseconds":0,"events":[],"regenerate_thumbnail":false,"is_modified":false},{"id":488,"dataset_id":13,"category_ids":[5],"path":"/datasets/droid/robo (31).jpg","width":300,"height":168,"file_name":"robo (31).jpg","annotated":true,"annotating":[],"num_annotations":1,"metadata":{},"milliseconds":0,"events":[],"regenerate_thumbnail":false,"is_modified":false},{"id":489,"dataset_id":13,"category_ids":[5],"path":"/datasets/droid/robo (32).jpg","width":300,"height":168,"file_name":"robo (32).jpg","annotated":true,"annotating":[],"num_annotations":1,"metadata":{},"milliseconds":0,"events":[],"regenerate_thumbnail":false,"is_modified":false},{"id":490,"dataset_id":13,"category_ids":[5],"path":"/datasets/droid/robo (33).jpg","width":275,"height":183,"file_name":"robo (33).jpg","annotated":true,"annotating":[],"num_annotations":1,"metadata":{},"milliseconds":0,"events":[],"regenerate_thumbnail":false,"is_modified":false},{"id":491,"dataset_id":13,"category_ids":[5],"path":"/datasets/droid/robo (34).jpg","width":183,"height":275,"file_name":"robo (34).jpg","annotated":true,"annotating":[],"num_annotations":2,"metadata":{},"milliseconds":0,"events":[],"regenerate_thumbnail":false,"is_modified":false},{"id":492,"dataset_id":13,"category_ids":[5],"path":"/datasets/droid/robo (35).jpg","width":290,"height":174,"file_name":"robo (35).jpg","annotated":true,"annotating":[],"num_annotations":2,"metadata":{},"milliseconds":0,"events":[],"regenerate_thumbnail":false,"is_modified":false},{"id":493,"dataset_id":13,"category_ids":[5],"path":"/datasets/droid/robo (36).jpg","width":259,"height":194,"file_name":"robo (36).jpg","annotated":true,"annotating":[],"num_annotations":2,"metadata":{},"milliseconds":0,"events":[],"regenerate_thumbnail":false,"is_modified":false},{"id":494,"dataset_id":13,"category_ids":[5],"path":"/datasets/droid/robo (37).jpg","width":182,"height":277,"file_name":"robo (37).jpg","annotated":true,"annotating":[],"num_annotations":2,"metadata":{},"milliseconds":0,"events":[],"regenerate_thumbnail":false,"is_modified":false},{"id":495,"dataset_id":13,"category_ids":[5],"path":"/datasets/droid/robo (38).jpg","width":259,"height":194,"file_name":"robo (38).jpg","annotated":true,"annotating":[],"num_annotations":1,"metadata":{},"milliseconds":0,"events":[],"regenerate_thumbnail":false,"is_modified":false},{"id":496,"dataset_id":13,"category_ids":[5],"path":"/datasets/droid/robo (39).jpg","width":1500,"height":1000,"file_name":"robo (39).jpg","annotated":true,"annotating":[],"num_annotations":2,"metadata":{},"milliseconds":0,"events":[],"regenerate_thumbnail":false,"is_modified":false},{"id":497,"dataset_id":13,"category_ids":[5],"path":"/datasets/droid/robo (4).jpg","width":800,"height":800,"file_name":"robo (4).jpg","annotated":true,"annotating":[],"num_annotations":2,"metadata":{},"milliseconds":0,"events":[],"regenerate_thumbnail":false,"is_modified":false},{"id":498,"dataset_id":13,"category_ids":[5],"path":"/datasets/droid/robo (40).jpg","width":1080,"height":1080,"file_name":"robo (40).jpg","annotated":true,"annotating":[],"num_annotations":2,"metadata":{},"milliseconds":0,"events":[],"regenerate_thumbnail":false,"is_modified":false},{"id":499,"dataset_id":13,"category_ids":[5],"path":"/datasets/droid/robo (41).jpg","width":1280,"height":720,"file_name":"robo (41).jpg","annotated":true,"annotating":[],"num_annotations":1,"metadata":{},"milliseconds":0,"events":[],"regenerate_thumbnail":false,"is_modified":false},{"id":500,"dataset_id":13,"category_ids":[5],"path":"/datasets/droid/robo (42).jpg","width":1280,"height":720,"file_name":"robo (42).jpg","annotated":true,"annotating":[],"num_annotations":1,"metadata":{},"milliseconds":0,"events":[],"regenerate_thumbnail":false,"is_modified":false},{"id":501,"dataset_id":13,"category_ids":[5],"path":"/datasets/droid/robo (43).jpg","width":1280,"height":720,"file_name":"robo (43).jpg","annotated":true,"annotating":[],"num_annotations":1,"metadata":{},"milliseconds":0,"events":[],"regenerate_thumbnail":false,"is_modified":false},{"id":502,"dataset_id":13,"category_ids":[5],"path":"/datasets/droid/robo (44).jpg","width":1280,"height":720,"file_name":"robo (44).jpg","annotated":true,"annotating":[],"num_annotations":1,"metadata":{},"milliseconds":0,"events":[],"regenerate_thumbnail":false,"is_modified":false},{"id":503,"dataset_id":13,"category_ids":[5],"path":"/datasets/droid/robo (45).jpg","width":800,"height":1067,"file_name":"robo (45).jpg","annotated":true,"annotating":[],"num_annotations":1,"metadata":{},"milliseconds":0,"events":[],"regenerate_thumbnail":false,"is_modified":false},{"id":504,"dataset_id":13,"category_ids":[5],"path":"/datasets/droid/robo (46).jpg","width":1000,"height":1000,"file_name":"robo (46).jpg","annotated":true,"annotating":[],"num_annotations":1,"metadata":{},"milliseconds":0,"events":[],"regenerate_thumbnail":false,"is_modified":false},{"id":505,"dataset_id":13,"category_ids":[5],"path":"/datasets/droid/robo (47).jpg","width":1300,"height":1117,"file_name":"robo (47).jpg","annotated":true,"annotating":[],"num_annotations":1,"metadata":{},"milliseconds":0,"events":[],"regenerate_thumbnail":false,"is_modified":false},{"id":506,"dataset_id":13,"category_ids":[5],"path":"/datasets/droid/robo (48).jpg","width":640,"height":268,"file_name":"robo (48).jpg","annotated":true,"annotating":[],"num_annotations":1,"metadata":{},"milliseconds":0,"events":[],"regenerate_thumbnail":false,"is_modified":false},{"id":507,"dataset_id":13,"category_ids":[5],"path":"/datasets/droid/robo (49).jpg","width":767,"height":434,"file_name":"robo (49).jpg","annotated":true,"annotating":[],"num_annotations":1,"metadata":{},"milliseconds":0,"events":[],"regenerate_thumbnail":false,"is_modified":false},{"id":508,"dataset_id":13,"category_ids":[5],"path":"/datasets/droid/robo (5).jpg","width":640,"height":400,"file_name":"robo (5).jpg","annotated":true,"annotating":[],"num_annotations":1,"metadata":{},"milliseconds":0,"events":[],"regenerate_thumbnail":false,"is_modified":false},{"id":509,"dataset_id":13,"category_ids":[5],"path":"/datasets/droid/robo (50).jpg","width":225,"height":225,"file_name":"robo (50).jpg","annotated":true,"annotating":[],"num_annotations":1,"metadata":{},"milliseconds":0,"events":[],"regenerate_thumbnail":false,"is_modified":false},{"id":510,"dataset_id":13,"category_ids":[5],"path":"/datasets/droid/robo (6).jpg","width":610,"height":333,"file_name":"robo (6).jpg","annotated":true,"annotating":[],"num_annotations":1,"metadata":{},"milliseconds":0,"events":[],"regenerate_thumbnail":false,"is_modified":false},{"id":511,"dataset_id":13,"category_ids":[5],"path":"/datasets/droid/robo (7).jpg","width":600,"height":925,"file_name":"robo (7).jpg","annotated":true,"annotating":[],"num_annotations":2,"metadata":{},"milliseconds":0,"events":[],"regenerate_thumbnail":false,"is_modified":false},{"id":512,"dataset_id":13,"category_ids":[5],"path":"/datasets/droid/robo (8).jpg","width":720,"height":464,"file_name":"robo (8).jpg","annotated":true,"annotating":[],"num_annotations":2,"metadata":{},"milliseconds":0,"events":[],"regenerate_thumbnail":false,"is_modified":false},{"id":513,"dataset_id":13,"category_ids":[5],"path":"/datasets/droid/robo (9).jpg","width":610,"height":255,"file_name":"robo (9).jpg","annotated":true,"annotating":[],"num_annotations":1,"metadata":{},"milliseconds":0,"events":[],"regenerate_thumbnail":false,"is_modified":false}],"categories":[{"id":5,"name":"droid","supercategory":"","color":"#74c3e6","metadata":{},"creator":"admin","keypoint_colors":[]}],"annotations":[{"id":587,"image_id":464,"category_id":5,"dataset_id":13,"segmentation":[[423.2,89.6,423.2,341.2,232.2,341.2,232.2,89.6]],"area":47941,"bbox":[232,90,191,251],"iscrowd":false,"isbbox":true,"creator":"admin","width":540,"height":360,"color":"#43da23","metadata":{},"milliseconds":9072,"events":[{"_cls":"SessionEvent","created_at":{"$date":1680448258085},"user":"admin","milliseconds":9072,"tools_used":["BBox"]}]},{"id":588,"image_id":465,"category_id":5,"dataset_id":13,"segmentation":[[501.9,199.8,501.9,367.6,354.4,367.6,354.4,199.8]],"area":24864,"bbox":[354,200,148,168],"iscrowd":false,"isbbox":true,"creator":"admin","width":615,"height":410,"color":"#ec7265","metadata":{},"milliseconds":7959,"events":[{"_cls":"SessionEvent","created_at":{"$date":1680448268633},"user":"admin","milliseconds":7959,"tools_used":["BBox"]}]},{"id":589,"image_id":466,"category_id":5,"dataset_id":13,"segmentation":[[1145.9,455,1145.9,928,825.9,928,825.9,455]],"area":151360,"bbox":[826,455,320,473],"iscrowd":false,"isbbox":true,"creator":"admin","width":1280,"height":939,"color":"#59eb31","metadata":{},"milliseconds":7726,"events":[{"_cls":"SessionEvent","created_at":{"$date":1680448277651},"user":"admin","milliseconds":7726,"tools_used":["BBox"]}]},{"id":590,"image_id":466,"category_id":5,"dataset_id":13,"segmentation":[[609.6,443.6,609.6,933.1,322.5,933.1,322.5,443.6]],"area":140343,"bbox":[323,444,287,489],"iscrowd":false,"isbbox":true,"creator":"admin","width":1280,"height":939,"color":"#f7fe3a","metadata":{},"milliseconds":10804,"events":[{"_cls":"SessionEvent","created_at":{"$date":1680448285377},"user":"admin","milliseconds":10804,"tools_used":["BBox"]}]},{"id":591,"image_id":467,"category_id":5,"dataset_id":13,"segmentation":[[452.8,319.7,452.8,764.8,110.1,764.8,110.1,319.7]],"area":152635,"bbox":[110,320,343,445],"iscrowd":false,"isbbox":true,"creator":"admin","width":800,"height":800,"color":"#0be5fa","metadata":{},"milliseconds":8637,"events":[{"_cls":"SessionEvent","created_at":{"$date":1680448297798},"user":"admin","milliseconds":8637,"tools_used":["BBox"]}]},{"id":592,"image_id":468,"category_id":5,"dataset_id":13,"segmentation":[[349.1,12.8,349.1,318,237.9,318,237.9,12.8]],"area":33855,"bbox":[238,13,111,305],"iscrowd":false,"isbbox":true,"creator":"admin","width":400,"height":320,"color":"#65f3d9","metadata":{},"milliseconds":10159,"events":[{"_cls":"SessionEvent","created_at":{"$date":1680448307461},"user":"admin","milliseconds":10159,"tools_used":["BBox"]}]},{"id":593,"image_id":469,"category_id":5,"dataset_id":13,"segmentation":[[713.6,18.3,713.6,602.7,167.2,602.7,167.2,18.3]],"area":318354,"bbox":[167,18,547,582],"iscrowd":false,"isbbox":true,"creator":"admin","width":800,"height":600,"color":"#ea4b99","metadata":{},"milliseconds":9011,"events":[{"_cls":"SessionEvent","created_at":{"$date":1680448318911},"user":"admin","milliseconds":9011,"tools_used":["BBox"]}]},{"id":594,"image_id":470,"category_id":5,"dataset_id":13,"segmentation":[[504.5,84.2,504.5,598.9,328.6,598.9,328.6,84.2]],"area":90640,"bbox":[329,84,176,515],"iscrowd":false,"isbbox":true,"creator":"admin","width":640,"height":640,"color":"#1ca62e","metadata":{},"milliseconds":7710,"events":[{"_cls":"SessionEvent","created_at":{"$date":1680448328987},"user":"admin","milliseconds":7710,"tools_used":["BBox"]}]},{"id":595,"image_id":470,"category_id":5,"dataset_id":13,"segmentation":[[312.2,307.5,312.2,617,157.9,617,157.9,307.5]],"area":47586,"bbox":[158,308,154,309],"iscrowd":false,"isbbox":true,"creator":"admin","width":640,"height":640,"color":"#a9f23d","metadata":{},"milliseconds":6180,"events":[{"_cls":"SessionEvent","created_at":{"$date":1680448336697},"user":"admin","milliseconds":6180,"tools_used":["BBox"]}]},{"id":596,"image_id":471,"category_id":5,"dataset_id":13,"segmentation":[[330.9,81.9,330.9,354.4,162.2,354.4,162.2,81.9]],"area":45968,"bbox":[162,82,169,272],"iscrowd":false,"isbbox":true,"creator":"admin","width":640,"height":426,"color":"#a7135b","metadata":{},"milliseconds":9138,"events":[{"_cls":"SessionEvent","created_at":{"$date":1680448343973},"user":"admin","milliseconds":9138,"tools_used":["BBox"]}]},{"id":597,"image_id":472,"category_id":5,"dataset_id":13,"segmentation":[[786.4,145.2,786.4,624.3,631.3,624.3,631.3,145.2]],"area":74245,"bbox":[631,145,155,479],"iscrowd":false,"isbbox":true,"creator":"admin","width":1280,"height":720,"color":"#fd12a8","metadata":{},"milliseconds":7549,"events":[{"_cls":"SessionEvent","created_at":{"$date":1680448354164},"user":"admin","milliseconds":7549,"tools_used":["BBox"]}]},{"id":598,"image_id":472,"category_id":5,"dataset_id":13,"segmentation":[[628.4,362.4,628.4,721.3,411.1,721.3,411.1,362.4]],"area":77686,"bbox":[411,362,217,358],"iscrowd":false,"isbbox":true,"creator":"admin","width":1280,"height":720,"color":"#181fab","metadata":{},"milliseconds":6154,"events":[{"_cls":"SessionEvent","created_at":{"$date":1680448361713},"user":"admin","milliseconds":6154,"tools_used":["BBox"]}]},{"id":599,"image_id":473,"category_id":5,"dataset_id":13,"segmentation":[[445,310.1,445,601.5,270.9,601.5,270.9,310.1]],"area":50808,"bbox":[271,310,174,292],"iscrowd":false,"isbbox":true,"creator":"admin","width":640,"height":640,"color":"#eac970","metadata":{},"milliseconds":6013,"events":[{"_cls":"SessionEvent","created_at":{"$date":1680448368577},"user":"admin","milliseconds":6013,"tools_used":["BBox"]}]},{"id":600,"image_id":474,"category_id":5,"dataset_id":13,"segmentation":[[546.4,165.5,546.4,349.6,391.9,349.6,391.9,165.5]],"area":28336,"bbox":[392,166,154,184],"iscrowd":false,"isbbox":true,"creator":"admin","width":735,"height":490,"color":"#ad9420","metadata":{},"milliseconds":6863,"events":[{"_cls":"SessionEvent","created_at":{"$date":1680448375408},"user":"admin","milliseconds":6863,"tools_used":["BBox"]}]},{"id":601,"image_id":475,"category_id":5,"dataset_id":13,"segmentation":[[233.3,165.2,233.3,358.7,94.1,358.7,94.1,165.2]],"area":26966,"bbox":[94,165,139,194],"iscrowd":false,"isbbox":true,"creator":"admin","width":551,"height":360,"color":"#d01163","metadata":{},"milliseconds":11226,"events":[{"_cls":"SessionEvent","created_at":{"$date":1680448384033},"user":"admin","milliseconds":11226,"tools_used":["BBox"]}]},{"id":602,"image_id":475,"category_id":5,"dataset_id":13,"segmentation":[[384.6,45.9,384.6,358.7,208.6,358.7,208.6,45.9]],"area":55088,"bbox":[209,46,176,313],"iscrowd":false,"isbbox":true,"creator":"admin","width":551,"height":360,"color":"#1b8fda","metadata":{},"milliseconds":3697,"events":[{"_cls":"SessionEvent","created_at":{"$date":1680448395259},"user":"admin","milliseconds":3697,"tools_used":["BBox"]}]},{"id":603,"image_id":476,"category_id":5,"dataset_id":13,"segmentation":[[538.5,180.5,538.5,411.3,348.9,411.3,348.9,180.5]],"area":43700,"bbox":[349,181,190,230],"iscrowd":false,"isbbox":true,"creator":"admin","width":680,"height":510,"color":"#5eee9d","metadata":{},"milliseconds":6139,"events":[{"_cls":"SessionEvent","created_at":{"$date":1680448399947},"user":"admin","milliseconds":6139,"tools_used":["BBox"]}]},{"id":604,"image_id":477,"category_id":5,"dataset_id":13,"segmentation":[[1051.6,270.8,1051.6,1058.8,487.8,1058.8,487.8,270.8]],"area":444432,"bbox":[488,271,564,788],"iscrowd":false,"isbbox":true,"creator":"admin","width":1500,"height":1125,"color":"#e14e51","metadata":{},"milliseconds":7344,"events":[{"_cls":"SessionEvent","created_at":{"$date":1680448406870},"user":"admin","milliseconds":7344,"tools_used":["BBox"]}]},{"id":605,"image_id":478,"category_id":5,"dataset_id":13,"segmentation":[[626.1,20.3,626.1,400.4,130.2,400.4,130.2,20.3]],"area":188480,"bbox":[130,20,496,380],"iscrowd":false,"isbbox":true,"creator":"admin","width":994,"height":400,"color":"#0ab5ee","metadata":{},"milliseconds":5511,"events":[{"_cls":"SessionEvent","created_at":{"$date":1680448415137},"user":"admin","milliseconds":5511,"tools_used":["BBox"]}]},{"id":606,"image_id":479,"category_id":5,"dataset_id":13,"segmentation":[[416,143.5,416,308.9,305.4,308.9,305.4,143.5]],"area":18315,"bbox":[305,144,111,165],"iscrowd":false,"isbbox":true,"creator":"admin","width":498,"height":310,"color":"#0a96d1","metadata":{},"milliseconds":5861,"events":[{"_cls":"SessionEvent","created_at":{"$date":1680448421784},"user":"admin","milliseconds":5861,"tools_used":["BBox"]}]},{"id":607,"image_id":479,"category_id":5,"dataset_id":13,"segmentation":[[497.5,25.8,497.5,310.5,389.7,310.5,389.7,25.8]],"area":30672,"bbox":[390,26,108,284],"iscrowd":false,"isbbox":true,"creator":"admin","width":498,"height":310,"color":"#c0b61f","metadata":{},"milliseconds":6271,"events":[{"_cls":"SessionEvent","created_at":{"$date":1680448427645},"user":"admin","milliseconds":6271,"tools_used":["BBox"]}]},{"id":608,"image_id":480,"category_id":5,"dataset_id":13,"segmentation":[[900.4,46.8,900.4,499.5,646.4,499.5,646.4,46.8]],"area":115062,"bbox":[646,47,254,453],"iscrowd":false,"isbbox":true,"creator":"admin","width":1000,"height":563,"color":"#3048f6","metadata":{},"milliseconds":7335,"events":[{"_cls":"SessionEvent","created_at":{"$date":1680448434656},"user":"admin","milliseconds":7335,"tools_used":["BBox"]}]},{"id":609,"image_id":480,"category_id":5,"dataset_id":13,"segmentation":[[537.2,115.8,537.2,500.3,4,500.3,4,115.8]],"area":204672,"bbox":[4,116,533,384],"iscrowd":false,"isbbox":true,"creator":"admin","width":1000,"height":563,"color":"#95df33","metadata":{},"milliseconds":7334,"events":[{"_cls":"SessionEvent","created_at":{"$date":1680448441992},"user":"admin","milliseconds":7334,"tools_used":["BBox"]}]},{"id":610,"image_id":481,"category_id":5,"dataset_id":13,"segmentation":[[487.4,109.7,487.4,331.2,327.4,331.2,327.4,109.7]],"area":35360,"bbox":[327,110,160,221],"iscrowd":false,"isbbox":true,"creator":"admin","width":612,"height":408,"color":"#76e8d0","metadata":{},"milliseconds":5380,"events":[{"_cls":"SessionEvent","created_at":{"$date":1680448450451},"user":"admin","milliseconds":5380,"tools_used":["BBox"]}]},{"id":611,"image_id":481,"category_id":5,"dataset_id":13,"segmentation":[[283.5,133.4,283.5,336.2,126.8,336.2,126.8,133.4]],"area":31871,"bbox":[127,133,157,203],"iscrowd":false,"isbbox":true,"creator":"admin","width":612,"height":408,"color":"#19a566","metadata":{},"milliseconds":5911,"events":[{"_cls":"SessionEvent","created_at":{"$date":1680448455832},"user":"admin","milliseconds":5911,"tools_used":["BBox"]}]},{"id":612,"image_id":482,"category_id":5,"dataset_id":13,"segmentation":[[326.9,184.8,326.9,369.8,182.7,369.8,182.7,184.8]],"area":26640,"bbox":[183,185,144,185],"iscrowd":false,"isbbox":true,"creator":"admin","width":612,"height":420,"color":"#2ddfb5","metadata":{},"milliseconds":5482,"events":[{"_cls":"SessionEvent","created_at":{"$date":1680448462455},"user":"admin","milliseconds":5482,"tools_used":["BBox"]}]},{"id":613,"image_id":482,"category_id":5,"dataset_id":13,"segmentation":[[464.4,50.7,464.4,363,308.3,363,308.3,50.7]],"area":48672,"bbox":[308,51,156,312],"iscrowd":false,"isbbox":true,"creator":"admin","width":612,"height":420,"color":"#1b2eaf","metadata":{},"milliseconds":5290,"events":[{"_cls":"SessionEvent","created_at":{"$date":1680448467937},"user":"admin","milliseconds":5290,"tools_used":["BBox"]}]},{"id":614,"image_id":482,"category_id":5,"dataset_id":13,"segmentation":[[162.3,281,162.3,395.3,72.4,395.3,72.4,281]],"area":10260,"bbox":[72,281,90,114],"iscrowd":false,"isbbox":true,"creator":"admin","width":612,"height":420,"color":"#992589","metadata":{},"milliseconds":6297,"events":[{"_cls":"SessionEvent","created_at":{"$date":1680448473228},"user":"admin","milliseconds":6297,"tools_used":["BBox"]}]},{"id":615,"image_id":483,"category_id":5,"dataset_id":13,"segmentation":[[609.3,45.6,609.3,469,430.6,469,430.6,45.6]],"area":75294,"bbox":[431,46,178,423],"iscrowd":false,"isbbox":true,"creator":"admin","width":612,"height":472,"color":"#44f0ce","metadata":{},"milliseconds":7387,"events":[{"_cls":"SessionEvent","created_at":{"$date":1680448480650},"user":"admin","milliseconds":7387,"tools_used":["BBox"]}]},{"id":616,"image_id":483,"category_id":5,"dataset_id":13,"segmentation":[[314.3,221.1,314.3,470.3,132.4,470.3,132.4,221.1]],"area":45318,"bbox":[132,221,182,249],"iscrowd":false,"isbbox":true,"creator":"admin","width":612,"height":472,"color":"#19f4f4","metadata":{},"milliseconds":5307,"events":[{"_cls":"SessionEvent","created_at":{"$date":1680448488037},"user":"admin","milliseconds":5307,"tools_used":["BBox"]}]},{"id":617,"image_id":484,"category_id":5,"dataset_id":13,"segmentation":[[682.3,312.2,682.3,622.5,448.5,622.5,448.5,312.2]],"area":72463,"bbox":[449,312,233,311],"iscrowd":false,"isbbox":true,"creator":"admin","width":800,"height":800,"color":"#35e039","metadata":{},"milliseconds":5315,"events":[{"_cls":"SessionEvent","created_at":{"$date":1680448494142},"user":"admin","milliseconds":5315,"tools_used":["BBox"]}]},{"id":618,"image_id":484,"category_id":5,"dataset_id":13,"segmentation":[[451.7,182.9,451.7,626.8,136,626.8,136,182.9]],"area":140304,"bbox":[136,183,316,444],"iscrowd":false,"isbbox":true,"creator":"admin","width":800,"height":800,"color":"#5383db","metadata":{},"milliseconds":5048,"events":[{"_cls":"SessionEvent","created_at":{"$date":1680448499458},"user":"admin","milliseconds":5048,"tools_used":["BBox"]}]},{"id":619,"image_id":485,"category_id":5,"dataset_id":13,"segmentation":[[1007.3,65.8,1007.3,642.8,643.6,642.8,643.6,65.8]],"area":209451,"bbox":[644,66,363,577],"iscrowd":false,"isbbox":true,"creator":"admin","width":1200,"height":1200,"color":"#cb5afe","metadata":{},"milliseconds":5314,"events":[{"_cls":"SessionEvent","created_at":{"$date":1680448505309},"user":"admin","milliseconds":5314,"tools_used":["BBox"]}]},{"id":620,"image_id":486,"category_id":5,"dataset_id":13,"segmentation":[[762,265.4,762,764.5,431.5,764.5,431.5,265.4]],"area":165000,"bbox":[432,265,330,500],"iscrowd":false,"isbbox":true,"creator":"admin","width":1200,"height":802,"color":"#eb6a7d","metadata":{},"milliseconds":7546,"events":[{"_cls":"SessionEvent","created_at":{"$date":1680448511507},"user":"admin","milliseconds":7546,"tools_used":["BBox"]}]},{"id":621,"image_id":487,"category_id":5,"dataset_id":13,"segmentation":[[126.9,52.7,126.9,147.9,61.1,147.9,61.1,52.7]],"area":6270,"bbox":[61,53,66,95],"iscrowd":false,"isbbox":true,"creator":"admin","width":300,"height":168,"color":"#69e869","metadata":{},"milliseconds":8130,"events":[{"_cls":"SessionEvent","created_at":{"$date":1680448519776},"user":"admin","milliseconds":8130,"tools_used":["BBox"]}]},{"id":622,"image_id":488,"category_id":5,"dataset_id":13,"segmentation":[[165.6,14.6,165.6,161.3,65.8,161.3,65.8,14.6]],"area":14600,"bbox":[66,15,100,146],"iscrowd":false,"isbbox":true,"creator":"admin","width":300,"height":168,"color":"#b3ac03","metadata":{},"milliseconds":5008,"events":[{"_cls":"SessionEvent","created_at":{"$date":1680448529283},"user":"admin","milliseconds":5008,"tools_used":["BBox"]}]},{"id":623,"image_id":489,"category_id":5,"dataset_id":13,"segmentation":[[212.5,23,212.5,168.7,92.5,168.7,92.5,23]],"area":17400,"bbox":[93,23,120,145],"iscrowd":false,"isbbox":true,"creator":"admin","width":300,"height":168,"color":"#a71d58","metadata":{},"milliseconds":5312,"events":[{"_cls":"SessionEvent","created_at":{"$date":1680448535170},"user":"admin","milliseconds":5312,"tools_used":["BBox"]}]},{"id":624,"image_id":490,"category_id":5,"dataset_id":13,"segmentation":[[174.5,27.8,174.5,163.4,70.9,163.4,70.9,27.8]],"area":14040,"bbox":[71,28,104,135],"iscrowd":false,"isbbox":true,"creator":"admin","width":275,"height":183,"color":"#971f86","metadata":{},"milliseconds":5672,"events":[{"_cls":"SessionEvent","created_at":{"$date":1680448541577},"user":"admin","milliseconds":5672,"tools_used":["BBox"]}]},{"id":625,"image_id":491,"category_id":5,"dataset_id":13,"segmentation":[[174.1,32.9,174.1,154.4,94.8,154.4,94.8,32.9]],"area":9559,"bbox":[95,33,79,121],"iscrowd":false,"isbbox":true,"creator":"admin","width":183,"height":275,"color":"#f312fc","metadata":{},"milliseconds":6092,"events":[{"_cls":"SessionEvent","created_at":{"$date":1680448548323},"user":"admin","milliseconds":6092,"tools_used":["BBox"]}]},{"id":626,"image_id":491,"category_id":5,"dataset_id":13,"segmentation":[[83.7,64.3,83.7,161.8,10.7,161.8,10.7,64.3]],"area":7154,"bbox":[11,64,73,98],"iscrowd":false,"isbbox":true,"creator":"admin","width":183,"height":275,"color":"#e95bbe","metadata":{},"milliseconds":5493,"events":[{"_cls":"SessionEvent","created_at":{"$date":1680448554416},"user":"admin","milliseconds":5493,"tools_used":["BBox"]}]},{"id":627,"image_id":492,"category_id":5,"dataset_id":13,"segmentation":[[220.2,5.6,220.2,169.1,126,169.1,126,5.6]],"area":15322,"bbox":[126,6,94,163],"iscrowd":false,"isbbox":true,"creator":"admin","width":290,"height":174,"color":"#21d737","metadata":{},"milliseconds":5456,"events":[{"_cls":"SessionEvent","created_at":{"$date":1680448560636},"user":"admin","milliseconds":5456,"tools_used":["BBox"]}]},{"id":628,"image_id":492,"category_id":5,"dataset_id":13,"segmentation":[[130.9,110.1,130.9,174.1,84.8,174.1,84.8,110.1]],"area":2944,"bbox":[85,110,46,64],"iscrowd":false,"isbbox":true,"creator":"admin","width":290,"height":174,"color":"#6899e8","metadata":{},"milliseconds":4598,"events":[{"_cls":"SessionEvent","created_at":{"$date":1680448566092},"user":"admin","milliseconds":4598,"tools_used":["BBox"]}]},{"id":629,"image_id":493,"category_id":5,"dataset_id":13,"segmentation":[[108.3,19.5,108.3,158,63.6,158,63.6,19.5]],"area":6072,"bbox":[64,20,44,138],"iscrowd":false,"isbbox":true,"creator":"admin","width":259,"height":194,"color":"#e46dc2","metadata":{},"milliseconds":5532,"events":[{"_cls":"SessionEvent","created_at":{"$date":1680448571450},"user":"admin","milliseconds":5532,"tools_used":["BBox"]}]},{"id":630,"image_id":493,"category_id":5,"dataset_id":13,"segmentation":[[162.4,76.5,162.4,164.3,106.2,164.3,106.2,76.5]],"area":4872,"bbox":[106,77,56,87],"iscrowd":false,"isbbox":true,"creator":"admin","width":259,"height":194,"color":"#6504da","metadata":{},"milliseconds":6283,"events":[{"_cls":"SessionEvent","created_at":{"$date":1680448576982},"user":"admin","milliseconds":6283,"tools_used":["BBox"]}]},{"id":631,"image_id":494,"category_id":5,"dataset_id":13,"segmentation":[[113.4,44.7,113.4,236.1,22.7,236.1,22.7,44.7]],"area":17190,"bbox":[23,45,90,191],"iscrowd":false,"isbbox":true,"creator":"admin","width":182,"height":277,"color":"#ec6a57","metadata":{},"milliseconds":7502,"events":[{"_cls":"SessionEvent","created_at":{"$date":1680448584576},"user":"admin","milliseconds":7502,"tools_used":["BBox"]}]},{"id":632,"image_id":494,"category_id":5,"dataset_id":13,"segmentation":[[152.9,124.1,152.9,240.2,82.4,240.2,82.4,124.1]],"area":8236,"bbox":[82,124,71,116],"iscrowd":false,"isbbox":true,"creator":"admin","width":182,"height":277,"color":"#d3ae15","metadata":{},"milliseconds":4530,"events":[{"_cls":"SessionEvent","created_at":{"$date":1680448592078},"user":"admin","milliseconds":4530,"tools_used":["BBox"]}]},{"id":633,"image_id":495,"category_id":5,"dataset_id":13,"segmentation":[[135.8,19.5,135.8,183.1,42,183.1,42,19.5]],"area":15322,"bbox":[42,20,94,163],"iscrowd":false,"isbbox":true,"creator":"admin","width":259,"height":194,"color":"#51fd4d","metadata":{},"milliseconds":6612,"events":[{"_cls":"SessionEvent","created_at":{"$date":1680448597286},"user":"admin","milliseconds":6612,"tools_used":["BBox"]}]},{"id":634,"image_id":496,"category_id":5,"dataset_id":13,"segmentation":[[1434.3,382.1,1434.3,993.7,798.5,993.7,798.5,382.1]],"area":388620,"bbox":[799,382,635,612],"iscrowd":false,"isbbox":true,"creator":"admin","width":1500,"height":1000,"color":"#c05d10","metadata":{},"milliseconds":4920,"events":[{"_cls":"SessionEvent","created_at":{"$date":1680448604740},"user":"admin","milliseconds":4920,"tools_used":["BBox"]}]},{"id":635,"image_id":496,"category_id":5,"dataset_id":13,"segmentation":[[778.3,76.4,778.3,997.7,75.2,997.7,75.2,76.4]],"area":648166,"bbox":[75,76,703,922],"iscrowd":false,"isbbox":true,"creator":"admin","width":1500,"height":1000,"color":"#1451a2","metadata":{},"milliseconds":6405,"events":[{"_cls":"SessionEvent","created_at":{"$date":1680448609661},"user":"admin","milliseconds":6405,"tools_used":["BBox"]}]},{"id":636,"image_id":497,"category_id":5,"dataset_id":13,"segmentation":[[504.5,41.7,504.5,761.5,141.4,761.5,141.4,41.7]],"area":262080,"bbox":[141,42,364,720],"iscrowd":false,"isbbox":true,"creator":"admin","width":800,"height":800,"color":"#eebb6a","metadata":{},"milliseconds":4228,"events":[{"_cls":"SessionEvent","created_at":{"$date":1680448616905},"user":"admin","milliseconds":4228,"tools_used":["BBox"]}]},{"id":637,"image_id":497,"category_id":5,"dataset_id":13,"segmentation":[[665.1,481.4,665.1,772.3,456,772.3,456,481.4]],"area":60819,"bbox":[456,481,209,291],"iscrowd":false,"isbbox":true,"creator":"admin","width":800,"height":800,"color":"#3347d0","metadata":{},"milliseconds":3310,"events":[{"_cls":"SessionEvent","created_at":{"$date":1680448621134},"user":"admin","milliseconds":3310,"tools_used":["BBox"]}]},{"id":638,"image_id":498,"category_id":5,"dataset_id":13,"segmentation":[[567.6,209,567.6,924.8,265.1,924.8,265.1,209]],"area":216948,"bbox":[265,209,303,716],"iscrowd":false,"isbbox":true,"creator":"admin","width":1080,"height":1080,"color":"#7f54d5","metadata":{},"milliseconds":4580,"events":[{"_cls":"SessionEvent","created_at":{"$date":1680448625490},"user":"admin","milliseconds":4580,"tools_used":["BBox"]}]},{"id":639,"image_id":498,"category_id":5,"dataset_id":13,"segmentation":[[790.2,479.6,790.2,936.4,505.1,936.4,505.1,479.6]],"area":129960,"bbox":[505,480,285,456],"iscrowd":false,"isbbox":true,"creator":"admin","width":1080,"height":1080,"color":"#fc2cee","metadata":{},"milliseconds":3204,"events":[{"_cls":"SessionEvent","created_at":{"$date":1680448630070},"user":"admin","milliseconds":3204,"tools_used":["BBox"]}]},{"id":640,"image_id":499,"category_id":5,"dataset_id":13,"segmentation":[[1054.1,34.6,1054.1,709.6,533.3,709.6,533.3,34.6]],"area":351675,"bbox":[533,35,521,675],"iscrowd":false,"isbbox":true,"creator":"admin","width":1280,"height":720,"color":"#f752f4","metadata":{},"milliseconds":5870,"events":[{"_cls":"SessionEvent","created_at":{"$date":1680448634369},"user":"admin","milliseconds":5870,"tools_used":["BBox"]}]},{"id":641,"image_id":500,"category_id":5,"dataset_id":13,"segmentation":[[734.1,118,734.1,633,180.3,633,180.3,118]],"area":285310,"bbox":[180,118,554,515],"iscrowd":false,"isbbox":true,"creator":"admin","width":1280,"height":720,"color":"#00abb4","metadata":{},"milliseconds":5139,"events":[{"_cls":"SessionEvent","created_at":{"$date":1680448642625},"user":"admin","milliseconds":5139,"tools_used":["BBox"]}]},{"id":642,"image_id":501,"category_id":5,"dataset_id":13,"segmentation":[[1278.1,45.3,1278.1,718.4,704,718.4,704,45.3]],"area":386302,"bbox":[704,45,574,673],"iscrowd":false,"isbbox":true,"creator":"admin","width":1280,"height":720,"color":"#bef20d","metadata":{},"milliseconds":5947,"events":[{"_cls":"SessionEvent","created_at":{"$date":1680448648521},"user":"admin","milliseconds":5947,"tools_used":["BBox"]}]},{"id":643,"image_id":502,"category_id":5,"dataset_id":13,"segmentation":[[1041.5,289.7,1041.5,718.4,605.1,718.4,605.1,289.7]],"area":187036,"bbox":[605,290,437,428],"iscrowd":false,"isbbox":true,"creator":"admin","width":1280,"height":720,"color":"#d92cf2","metadata":{},"milliseconds":4400,"events":[{"_cls":"SessionEvent","created_at":{"$date":1680448655342},"user":"admin","milliseconds":4400,"tools_used":["BBox"]}]},{"id":644,"image_id":503,"category_id":5,"dataset_id":13,"segmentation":[[742.1,8.2,742.1,959.6,141.3,959.6,141.3,8.2]],"area":572152,"bbox":[141,8,601,952],"iscrowd":false,"isbbox":true,"creator":"admin","width":800,"height":1067,"color":"#ab0757","metadata":{},"milliseconds":13846,"events":[{"_cls":"SessionEvent","created_at":{"$date":1680448660475},"user":"admin","milliseconds":13846,"tools_used":["BBox"]}]},{"id":645,"image_id":504,"category_id":5,"dataset_id":13,"segmentation":[[427.3,638.1,427.3,899.4,214.4,899.4,214.4,638.1]],"area":55593,"bbox":[214,638,213,261],"iscrowd":false,"isbbox":true,"creator":"admin","width":1000,"height":1000,"color":"#2202c2","metadata":{},"milliseconds":4659,"events":[{"_cls":"SessionEvent","created_at":{"$date":1680448675142},"user":"admin","milliseconds":4659,"tools_used":["BBox"]}]},{"id":646,"image_id":505,"category_id":5,"dataset_id":13,"segmentation":[[1071.3,22.1,1071.3,1042.2,313,1042.2,313,22.1]],"area":773160,"bbox":[313,22,758,1020],"iscrowd":false,"isbbox":true,"creator":"admin","width":1300,"height":1117,"color":"#10b436","metadata":{},"milliseconds":5475,"events":[{"_cls":"SessionEvent","created_at":{"$date":1680448680706},"user":"admin","milliseconds":5475,"tools_used":["BBox"]}]},{"id":647,"image_id":506,"category_id":5,"dataset_id":13,"segmentation":[[253.6,81.5,253.6,267.3,64.7,267.3,64.7,81.5]],"area":34965,"bbox":[65,82,189,185],"iscrowd":false,"isbbox":true,"creator":"admin","width":640,"height":268,"color":"#c61085","metadata":{},"milliseconds":4807,"events":[{"_cls":"SessionEvent","created_at":{"$date":1680448687350},"user":"admin","milliseconds":4807,"tools_used":["BBox"]}]},{"id":648,"image_id":507,"category_id":5,"dataset_id":13,"segmentation":[[767.6,125.5,767.6,404.9,499.8,404.9,499.8,125.5]],"area":74493,"bbox":[500,126,267,279],"iscrowd":false,"isbbox":true,"creator":"admin","width":767,"height":434,"color":"#dd59bc","metadata":{},"milliseconds":5722,"events":[{"_cls":"SessionEvent","created_at":{"$date":1680448693034},"user":"admin","milliseconds":5722,"tools_used":["BBox"]}]},{"id":649,"image_id":508,"category_id":5,"dataset_id":13,"segmentation":[[487,70.4,487,398.5,198.8,398.5,198.8,70.4]],"area":94752,"bbox":[199,70,288,329],"iscrowd":false,"isbbox":true,"creator":"admin","width":640,"height":400,"color":"#f10497","metadata":{},"milliseconds":5282,"events":[{"_cls":"SessionEvent","created_at":{"$date":1680448699880},"user":"admin","milliseconds":5282,"tools_used":["BBox"]}]},{"id":650,"image_id":509,"category_id":5,"dataset_id":13,"segmentation":[[215.2,46,215.2,178.7,113.7,178.7,113.7,46]],"area":13433,"bbox":[114,46,101,133],"iscrowd":false,"isbbox":true,"creator":"admin","width":225,"height":225,"color":"#0cc324","metadata":{},"milliseconds":5063,"events":[{"_cls":"SessionEvent","created_at":{"$date":1680448708656},"user":"admin","milliseconds":5063,"tools_used":["BBox"]}]},{"id":651,"image_id":510,"category_id":5,"dataset_id":13,"segmentation":[[589.4,11.5,589.4,330.9,259.7,330.9,259.7,11.5]],"area":104951,"bbox":[260,12,329,319],"iscrowd":false,"isbbox":true,"creator":"admin","width":610,"height":333,"color":"#3a5fdd","metadata":{},"milliseconds":5610,"events":[{"_cls":"SessionEvent","created_at":{"$date":1680448714632},"user":"admin","milliseconds":5610,"tools_used":["BBox"]}]},{"id":652,"image_id":511,"category_id":5,"dataset_id":13,"segmentation":[[535.5,104.3,535.5,846.9,206.6,846.9,206.6,104.3]],"area":244447,"bbox":[207,104,329,743],"iscrowd":false,"isbbox":true,"creator":"admin","width":600,"height":925,"color":"#9842f4","metadata":{},"milliseconds":5544,"events":[{"_cls":"SessionEvent","created_at":{"$date":1680448721045},"user":"admin","milliseconds":5544,"tools_used":["BBox"]}]},{"id":653,"image_id":511,"category_id":5,"dataset_id":13,"segmentation":[[394.7,398.3,394.7,893,42.1,893,42.1,398.3]],"area":174735,"bbox":[42,398,353,495],"iscrowd":false,"isbbox":true,"creator":"admin","width":600,"height":925,"color":"#45a0e0","metadata":{},"milliseconds":6276,"events":[{"_cls":"SessionEvent","created_at":{"$date":1680448726589},"user":"admin","milliseconds":6276,"tools_used":["BBox"]}]},{"id":654,"image_id":512,"category_id":5,"dataset_id":13,"segmentation":[[549.4,182.9,549.4,442.3,364.4,442.3,364.4,182.9]],"area":47915,"bbox":[364,183,185,259],"iscrowd":false,"isbbox":true,"creator":"admin","width":720,"height":464,"color":"#19ef18","metadata":{},"milliseconds":5236,"events":[{"_cls":"SessionEvent","created_at":{"$date":1680448733731},"user":"admin","milliseconds":5236,"tools_used":["BBox"]}]},{"id":655,"image_id":512,"category_id":5,"dataset_id":13,"segmentation":[[340,50.4,340,421.1,183.8,421.1,183.8,50.4]],"area":57876,"bbox":[184,50,156,371],"iscrowd":false,"isbbox":true,"creator":"admin","width":720,"height":464,"color":"#c1e07f","metadata":{},"milliseconds":5979,"events":[{"_cls":"SessionEvent","created_at":{"$date":1680448738967},"user":"admin","milliseconds":5979,"tools_used":["BBox"]}]},{"id":656,"image_id":513,"category_id":5,"dataset_id":13,"segmentation":[[281.6,148.5,281.6,254.9,184.5,254.9,184.5,148.5]],"area":10282,"bbox":[185,149,97,106],"iscrowd":false,"isbbox":true,"creator":"admin","width":610,"height":255,"color":"#be61f0","metadata":{},"milliseconds":11064,"events":[{"_cls":"SessionEvent","created_at":{"$date":1680448745680},"user":"admin","milliseconds":11064,"tools_used":["BBox"]}]}]}